_id,partner,course,skills,rating,reviewCount,level,certificateType,duration,creditEligibility
66fe20076f4453256b07a954,DeepLearning.AI,Generative AI with Large Language Models,"[' Machine Learning', ' Natural Language Processing', ' Python Programming']",4.8,0,Intermediate , Course , 1 - 4 Weeks,False
66fe20076f4453256b07a95b,The University of Sydney,Introduction to Calculus,"[' Algebra', ' Calculus', ' Mathematical Theory & Analysis', ' Mathematics', ' Problem Solving', ' Computational Logic', ' Critical Thinking', ' Differential Equations', ' Plot (Graphics)', ' Geometry']",4.8,0,Intermediate , Course , 1 - 3 Months,False
66fe20076f4453256b07a95c,IBM,Machine Learning with Python,"[' Machine Learning', ' Algorithms', ' Applied Machine Learning', ' Customer Analysis', ' Data Analysis', ' Decision Making', ' Human Learning', ' Machine Learning Algorithms', ' Python Programming', ' Statistical Machine Learning', ' Regression']",4.7,0,Intermediate , Course , 1 - 3 Months,False
66fe20076f4453256b07a95d,DeepLearning.AI,Convolutional Neural Networks,"[' Artificial Neural Networks', ' Computer Vision', ' Machine Learning', ' Applied Machine Learning', ' Deep Learning', ' Machine Learning Software', ' Machine Learning Algorithms', ' Network Model', ' Tensorflow', ' Network Architecture', ' Human Learning']",4.9,0,Intermediate , Course , 1 - 4 Weeks,False
66fe20076f4453256b07a95f,DeepLearning.AI,Sequence Models,"[' Artificial Neural Networks', ' Deep Learning', ' Machine Learning', ' Natural Language Processing', ' Machine Learning Algorithms', ' Applied Machine Learning', ' Python Programming', ' Human Learning', ' Tensorflow', ' Linear Algebra']",4.8,0,Intermediate , Course , 1 - 4 Weeks,False
66fe20076f4453256b07a95e,Stanford University,Introduction to Mathematical Thinking,"[' Critical Thinking', ' Mathematical Theory & Analysis', ' Mathematics', ' Problem Solving', ' Computational Logic', ' Algebra', ' Applied Mathematics', ' Data Analysis', ' Algorithms', ' Computational Thinking']",4.8,0,Intermediate , Course , 1 - 3 Months,False
66fe20076f4453256b07a960,IBM,Python Project for Data Science,"[' Python Programming', ' Computer Programming', ' Data Analysis', ' Data Science']",4.5,0,Intermediate , Course , 1 - 4 Weeks,False
66fe20076f4453256b07a961,DeepLearning.AI,Convolutional Neural Networks in TensorFlow,"[' Machine Learning', ' Deep Learning', ' Machine Learning Algorithms', ' Applied Machine Learning', ' Artificial Neural Networks', ' Computer Vision', ' Human Learning', ' Tensorflow', ' Python Programming', ' Machine Learning Software']",4.7,0,Intermediate , Course , 1 - 4 Weeks,False
66fe20076f4453256b07a95a,DeepLearning.AI,"Introduction to TensorFlow for Artificial Intelligence, Machine Learning, and Deep Learning","[' Machine Learning', ' Tensorflow', ' Artificial Neural Networks', ' Computer Programming', ' Machine Learning Algorithms', ' Deep Learning', ' Machine Learning Software', ' Applied Machine Learning', ' Human Learning', ' Algorithms', ' Computer Vision']",4.8,0,Intermediate , Course , 1 - 4 Weeks,False
66fe20076f4453256b07a964,University of Michigan,Instructional Methods in Health Professions Education,[],4.7,0,Intermediate , Course , 1 - 3 Months,False
66fe20076f4453256b07a965,IBM,Exploratory Data Analysis for Machine Learning,"[' Data Analysis', ' Exploratory Data Analysis', ' Machine Learning', ' Statistical Machine Learning', ' Feature Engineering', ' General Statistics', ' Probability & Statistics', ' Statistical Analysis', ' Algorithms', ' Data Structures']",4.6,0,Intermediate , Course , 1 - 3 Months,False
66fe20076f4453256b07a966,The Hong Kong University of Science and Technology,Python and Statistics for Financial Analysis,"[' Basic Descriptive Statistics', ' Computer Programming', ' Data Analysis', ' Finance', ' Financial Analysis', ' Probability & Statistics', ' Python Programming', ' Statistical Analysis', ' Data Analysis Software', ' General Statistics', ' Probability Distribution']",4.4,0,Intermediate , Course , 1 - 4 Weeks,False
66fe20076f4453256b07a967,DeepLearning.AI,Natural Language Processing with Probabilistic Models,"[' Machine Learning', ' Natural Language Processing', ' Python Programming', ' Statistical Programming', ' Statistical Machine Learning']",4.7,0,Intermediate , Course , 1 - 4 Weeks,False
66fe20076f4453256b07a968,DeepLearning.AI,"Sequences, Time Series and Prediction","[' Machine Learning', ' Forecasting', ' Tensorflow', ' Applied Machine Learning', ' Deep Learning', ' Artificial Neural Networks', ' Human Learning', ' Data Visualization', ' Statistical Analysis', ' Statistical Machine Learning']",4.7,0,Intermediate , Course , 1 - 4 Weeks,False
66fe20076f4453256b07a969,DeepLearning.AI,Build Basic Generative Adversarial Networks (GANs),"[' Artificial Neural Networks', ' Machine Learning', ' Machine Learning Algorithms', ' Machine Learning Software', ' Python Programming', ' Statistical Programming', ' Deep Learning']",4.7,0,Intermediate , Course , 1 - 4 Weeks,False
66fe20076f4453256b07a96a,École Polytechnique,Étudier en France: French Intermediate course B1-B2,"[' Communication', ' Culture', ' Writing']",4.8,0,Intermediate , Course , 1 - 3 Months,False
66fe20076f4453256b07a96b,DeepLearning.AI,Natural Language Processing in TensorFlow,"[' Machine Learning', ' Natural Language Processing', ' Deep Learning', ' Machine Learning Algorithms', ' Tensorflow', ' Python Programming', ' Computer Programming', ' Artificial Neural Networks', ' Machine Learning Software', ' Network Model']",4.6,0,Intermediate , Course , 1 - 4 Weeks,False
66fe20076f4453256b07a96c,Erasmus University Rotterdam,Principles of Sustainable Finance,"[' Finance', ' Risk Management', ' Critical Thinking', ' Financial Management', ' Leadership and Management', ' Strategy and Operations', ' Business Transformation', ' Decision Making', ' Financial Analysis', ' Strategy']",4.7,0,Intermediate , Course , 1 - 3 Months,False
66fe20076f4453256b07a96d,IBM,Data Visualization with Python,"[' Data Visualization', ' Python Programming', ' Statistical Programming', ' Statistical Visualization', ' Plot (Graphics)', ' Computer Programming']",4.5,0,Intermediate , Course , 1 - 3 Months,False
66fe20076f4453256b07a96e,DeepLearning.AI,AI for Medical Diagnosis,"[' Machine Learning', ' Artificial Neural Networks', ' Deep Learning', ' Python Programming', ' Statistical Programming']",4.7,0,Intermediate , Course , 1 - 4 Weeks,False
66fe20076f4453256b07a96f,University of Colorado Boulder,Introduction to Embedded Systems Software and Development Environments,"[' C Programming Language Family', ' Computer Architecture', ' Computer Programming', ' Computer Programming Tools', ' Software Engineering', ' Microarchitecture', ' Software Architecture', ' Software Engineering Tools', ' System Software', ' Systems Design']",4.5,0,Intermediate , Course , 1 - 4 Weeks,False
66fe20076f4453256b07a955,DeepLearning.AI,Neural Networks and Deep Learning,"[' Artificial Neural Networks', ' Deep Learning', ' Machine Learning', ' Machine Learning Algorithms', ' Python Programming', ' Computer Programming', ' Network Architecture', ' Network Model', ' Calculus', ' Human Learning', ' Regression', ' Mathematics']",4.9,0,Intermediate , Course , 1 - 4 Weeks,False
66fe20076f4453256b07a957,DeepLearning.AI,"Improving Deep Neural Networks: Hyperparameter Tuning, Regularization and Optimization","[' Applied Machine Learning', ' Deep Learning', ' Machine Learning', ' Artificial Neural Networks', ' Machine Learning Algorithms', ' Algorithms', ' Computer Programming', ' Mathematics', ' Python Programming', ' Mathematical Theory & Analysis', ' Tensorflow', ' Human Learning']",4.9,0,Intermediate , Course , 1 - 4 Weeks,False
66fe20076f4453256b07a956,Johns Hopkins University,Business Analytics with Excel: Elementary to Advanced,"[' Business Analysis', ' Data Analysis', ' Data Visualization', ' Spreadsheet Software', ' Data Model', ' Decision Making', ' Microsoft Excel', ' Process Analysis', ' Statistical Visualization']",4.8,0,Intermediate , Course , 1 - 3 Months,False
66fe20076f4453256b07a970,Rice University,Spanish for Successful Communication in Healthcare Settings,[' Communication'],4.8,0,Intermediate , Course , 1 - 3 Months,False
66fe20076f4453256b07a958,"University of California, Davis",The Strategy of Content Marketing,"[' Digital Marketing', ' Marketing', ' Writing', ' Strategy']",4.5,0,Intermediate , Course , 1 - 3 Months,False
66fe20076f4453256b07a959,DeepLearning.AI,Natural Language Processing with Classification and Vector Spaces,"[' Machine Learning', ' Natural Language Processing', ' Probability & Statistics', ' Python Programming', ' Machine Learning Algorithms', ' Applied Machine Learning', ' Computer Programming', ' Human Learning', ' Mathematics', ' Statistical Machine Learning']",4.6,0,Intermediate , Course , 1 - 4 Weeks,False
66fe20076f4453256b07a971,Northwestern University,Sports Marketing,"[' Communication', ' Marketing']",4.7,0,Intermediate , Course , 1 - 3 Months,False
66fe20076f4453256b07a972,IBM,Introduction to Deep Learning & Neural Networks with Keras,"[' Algorithms', ' Artificial Neural Networks', ' Deep Learning', ' Human Learning', ' Machine Learning', ' Machine Learning Algorithms', ' Network Model', ' Applied Machine Learning', ' Network Architecture', ' Python Programming', ' Regression']",4.7,0,Intermediate , Course , 1 - 3 Months,False
66fe20076f4453256b07a973,University of Michigan,Data Collection and Processing with Python,"[' Computer Programming', ' Python Programming']",4.7,0,Intermediate , Course , 1 - 4 Weeks,False
66fe20076f4453256b07a974,University of Alberta,Fundamentals of Reinforcement Learning,"[' Machine Learning', ' Reinforcement Learning', ' Machine Learning Algorithms', ' Python Programming', ' Statistical Programming', ' Computer Programming', ' Decision Making']",4.8,0,Intermediate , Course , 1 - 3 Months,False
66fe20076f4453256b07a975,DeepLearning.AI,Natural Language Processing with Attention Models,"[' Artificial Neural Networks', ' Deep Learning', ' Natural Language Processing', ' Machine Learning', ' Python Programming', ' Statistical Programming']",4.4,0,Intermediate , Course , 1 - 4 Weeks,False
66fe20076f4453256b07a976,University of Virginia,How Things Work: An Introduction to Physics,"[' Critical Thinking', ' Experiment', ' Problem Solving', ' Angular', ' Mathematical Theory & Analysis', ' Scientific Visualization', ' Deep Learning', ' Feature Engineering', ' Reinforcement Learning']",4.8,0,Intermediate , Course , 1 - 3 Months,False
66fe20076f4453256b07a977,University of Illinois at Urbana-Champaign,Object-Oriented Data Structures in C++,"[' C Programming Language Family', ' Computer Programming', ' Data Structures', ' Theoretical Computer Science']",4.7,0,Intermediate , Course , 1 - 4 Weeks,False
66fe20076f4453256b07a978,Macquarie University,Excel Skills for Business: Intermediate I,"[' Business Analysis', ' Data Analysis', ' Microsoft Excel', ' Spreadsheet Software', ' Plot (Graphics)', ' Databases']",4.9,0,Intermediate , Course , 1 - 3 Months,False
66fe20076f4453256b07a979,Stanford University,"Divide and Conquer, Sorting and Searching, and Randomized Algorithms","[' Algorithms', ' Theoretical Computer Science', ' Computational Thinking', ' Computer Programming', ' Critical Thinking', ' Mathematics', ' Problem Solving', ' Computational Logic', ' Mathematical Theory & Analysis', ' Programming Principles']",4.8,0,Intermediate , Course , 1 - 4 Weeks,False
66fe20076f4453256b07a97a,University of Illinois at Urbana-Champaign,Corporate & Commercial Law I: Contracts & Employment Law,"[' Contract Management', ' Critical Thinking', ' Leadership and Management', ' Regulations and Compliance', ' Business Communication', ' Decision Making', ' Employee Relations', ' Negotiation', ' Human Resources', ' Strategy and Operations']",4.8,0,Intermediate , Course , 1 - 3 Months,False
66fe20076f4453256b07a97b,University of Pennsylvania,Nuts and Bolts of U.S. Immigration Law,['(95 reviews)'],4.9,0,Intermediate , Course , 1 - 4 Weeks,False
66fe20076f4453256b07a97c,Yale University,Visualizing the Living Body: Diagnostic Imaging,['(171 reviews)'],4.8,0,Intermediate , Course , 1 - 3 Months,False
66fe20076f4453256b07a97d,University of Illinois at Urbana-Champaign,Auditing I: Conceptual Foundations of Auditing,"[' Accounting', ' Audit', ' Critical Thinking', ' Financial Analysis', ' Regulations and Compliance', ' Risk Management', ' Financial Accounting', ' General Accounting', ' Leadership and Management', ' Finance']",4.7,0,Intermediate , Course , 1 - 3 Months,False
66fe20076f4453256b07a97e,Duke University,Introduction to Machine Learning,"[' Applied Machine Learning', ' Artificial Neural Networks', ' Deep Learning', ' Human Learning', ' Machine Learning', ' Algorithms', ' Machine Learning Algorithms', ' Network Model', ' Natural Language Processing', ' Probability & Statistics', ' Regression', ' Python Programming']",4.7,0,Intermediate , Course , 1 - 4 Weeks,False
66fe20076f4453256b07a97f,The George Washington University,Essentials in Clinical Simulations Across the Health Professions,[' Training'],4.8,0,Intermediate , Course , 1 - 3 Months,False
66fe20076f4453256b07a980,University of Geneva,Troubles du spectre de l'autisme : diagnostic,['(696 reviews)'],4.9,0,Intermediate , Course , 1 - 3 Months,False
66fe20076f4453256b07a981,IBM,Developing Front-End Apps with React,"[' Javascript', ' React (web framework)', ' Web Development']",4.3,0,Intermediate , Course , 1 - 4 Weeks,False
66fe20076f4453256b07a982,University of Michigan,Python Classes and Inheritance,"[' Computer Programming', ' Python Programming']",4.7,0,Intermediate , Course , 1 - 4 Weeks,False
66fe20076f4453256b07a983,University of Glasgow ,Diversity and Inclusion in Education,[' Leadership and Management'],4.8,0,Intermediate , Course , 1 - 4 Weeks,False
66fe20076f4453256b07a984,IBM,Deep Neural Networks with PyTorch,"[' Human Learning', ' Machine Learning', ' Deep Learning', ' Python Programming', ' Artificial Neural Networks', ' Machine Learning Algorithms', ' Applied Machine Learning', ' Algorithms', ' Regression', ' Statistical Machine Learning']",4.4,0,Intermediate , Course , 1 - 3 Months,False
66fe20076f4453256b07a985,DeepLearning.AI,Natural Language Processing with Sequence Models,"[' Artificial Neural Networks', ' Deep Learning', ' Machine Learning', ' Natural Language Processing', ' Statistical Programming', ' Python Programming']",4.5,0,Intermediate , Course , 1 - 4 Weeks,False
66fe20076f4453256b07a986,École Polytechnique Fédérale de Lausanne,Effective Programming in Scala,"[' Computer Programming', ' Scala Programming', ' Software Testing']",4.7,0,Intermediate , Course , 1 - 3 Months,False
66fe20076f4453256b07a987,University of Geneva,Precision Medicine,['(227 reviews)'],4.4,0,Intermediate , Course , 1 - 3 Months,False
66fe20076f4453256b07a988,IBM,Developing AI Applications with Python and Flask,"[' Application Development', ' Computer Programming', ' Python Programming']",4.4,0,Intermediate , Course , 1 - 4 Weeks,False
66fe20076f4453256b07a989,University of Michigan,"Python Project: pillow, tesseract, and opencv","[' Computer Programming', ' Python Programming']",4.0,0,Intermediate , Course , 1 - 4 Weeks,False
66fe20076f4453256b07a98a,University of Illinois at Urbana-Champaign,"Federal Taxation I: Individuals, Employees, and Sole Proprietors","[' Accounting', ' Taxes', ' Critical Thinking', ' Finance', ' Financial Accounting', ' General Accounting', ' Problem Solving', ' Regulations and Compliance', ' Generally Accepted Accounting Principles (GAAP)', ' Benefits']",4.9,0,Intermediate , Course , 1 - 3 Months,False
66fe20076f4453256b07a98b,Yale University,Introduction to Medical Software,"[' Software Engineering', ' Software Testing', ' Entrepreneurship', ' User Research']",4.8,0,Intermediate , Course , 3 - 6 Months,False
66fe20076f4453256b07a98c,Columbia University,Introduction to Financial Engineering and Risk Management,"[' Finance', ' Mathematics', ' Probability & Statistics', ' Risk Management', ' Securities Sales', ' Securities Trading']",4.6,0,Intermediate , Course , 1 - 3 Months,False
66fe20076f4453256b07a98d,Starweaver,Relationship Management and Business Development,"[' Business Development', ' Customer Relationship Management', ' Leadership and Management']",4.6,0,Intermediate , Course , 1 - 4 Weeks,False
66fe20076f4453256b07a98e,University of Michigan,Introduction to Data Science in Python,"[' Computer Programming', ' Data Analysis', ' Data Management', ' Python Programming', ' Statistical Programming', ' Data Mining', ' Extract', ' Transform', ' Load', ' Computer Programming Tools', ' Critical Thinking', ' Exploratory Data Analysis', ' General Statistics']",4.5,0,Intermediate , Course , 1 - 4 Weeks,False
66fe20076f4453256b07a98f,JetBrains,Kotlin for Java Developers,"[' Computer Programming', ' Programming Principles', ' Algorithms', ' Data Structures', ' Problem Solving', ' Computational Logic', ' Mathematics', ' Software Engineering']",4.7,0,Intermediate , Course , 1 - 3 Months,False
66fe20076f4453256b07a990,University of Geneva,Water Cooperation and Diplomacy,[' Negotiation'],0.0,0,Intermediate , Course , 1 - 3 Months,False
66fe20076f4453256b07a991,Emory University,Finance for Non-Financial Managers,"[' Accounting', ' Finance', ' Financial Analysis', ' Financial Accounting', ' General Accounting', ' Financial Management', ' Generally Accepted Accounting Principles (GAAP)', ' Leadership and Management', ' Business Analysis', ' Data Analysis']",4.4,0,Intermediate , Course , 1 - 3 Months,False
66fe20076f4453256b07a992,HEC Paris,Investment Management in an Evolving and Volatile World by HEC Paris and AXA Investment Managers,"[' Finance', ' Investment Management', ' Leadership and Management', ' Financial Analysis', ' Financial Management', ' Mathematics', ' Risk Management', ' Statistical Analysis', ' Market Analysis', ' Correlation And Dependence']",4.6,0,Intermediate , Course , 1 - 4 Weeks,False
66fe20076f4453256b07a993,University of Pennsylvania,A Crash Course in Causality:  Inferring Causal Effects from Observational Data,"[' General Statistics', ' Probability & Statistics', ' Statistical Tests', ' Data Analysis', ' Statistical Analysis', ' Experiment', ' Probability Distribution', ' R Programming', ' Regression', ' Statistical Programming']",4.7,0,Intermediate , Course , 1 - 3 Months,False
66fe20076f4453256b07a994,University of California San Diego,Algorithmic Toolbox,"[' Algorithms', ' Computer Programming', ' Problem Solving', ' Theoretical Computer Science', ' Computational Thinking', ' Critical Thinking', ' Computer Programming Tools', ' Computational Logic', ' Data Structures', ' Programming Principles', ' Software Testing']",4.6,0,Intermediate , Course , 1 - 3 Months,False
66fe20076f4453256b07a995,University of Western Australia,Blood Film Morphology - A Practical Guide,['(50 reviews)'],4.8,0,Intermediate , Course , 1 - 3 Months,False
66fe20076f4453256b07a996,IBM,"Introduction to Containers w/ Docker, Kubernetes & OpenShift","[' Kubernetes', ' Docker (Software)', ' Cloud Computing']",4.4,0,Intermediate , Course , 1 - 3 Months,False
66fe20076f4453256b07a997,University of Colorado Boulder,Probability Theory: Foundation for Data Science,"[' Probability & Statistics', ' General Statistics', ' Probability Distribution', ' Correlation And Dependence', ' Mathematics']",4.4,0,Intermediate , Course , 1 - 3 Months,False
66fe20076f4453256b07a998,Stanford University,Introduction to Logic,"[' Computational Logic', ' Mathematics', ' Problem Solving', ' Critical Thinking']",4.4,0,Intermediate , Course , 1 - 3 Months,False
66fe20076f4453256b07a999,Wesleyan University,Schizophrenia,['(2.1k reviews)'],4.8,0,Intermediate , Course , 1 - 3 Months,False
66fe20076f4453256b07a99a,University of Michigan,High Stakes Leadership: Leading in Times of Crisis,"[' Leadership and Management', ' Leadership Development', ' Entrepreneurship', ' Business Psychology', ' Finance', ' Human Resources', ' Human Resources Operations', ' Organizational Development', ' Risk Management', ' Communication', ' Change Management']",4.7,0,Intermediate , Course , 1 - 4 Weeks,False
66fe20076f4453256b07a99b,Google Cloud,Building Scalable Java Microservices with Spring Boot and Spring Cloud,"[' Cloud Applications', ' Cloud Computing', ' Cloud Infrastructure', ' Cloud Platforms', ' Google App Engine', ' Google Cloud Platform', ' Java Programming', ' Kubernetes']",4.3,0,Intermediate , Course , 1 - 4 Weeks,False
66fe20076f4453256b07a99c,Macquarie University,Excel Fundamentals for Data Analysis,"[' Business Analysis', ' Spreadsheet Software', ' Data Analysis', ' Leadership and Management', ' Microsoft Excel']",4.8,0,Intermediate , Course , 1 - 3 Months,False
66fe20076f4453256b07a9fe,Coursera Project Network,ChatGPT for Beginners: Save time with Microsoft Excel,"[' Data Management', ' Microsoft Excel']",4.6,0,Intermediate , Guided Project , Less Than 2 Hours,False
66fe20086f4453256b07aae3,IBM,IBM Applied DevOps Engineering,"[' DevOps', ' Software Engineering', ' Cloud Computing', ' Continuous Delivery', ' Continuous Integration', ' Application Development', ' Cloud Applications', ' Software Architecture', ' Security Engineering', ' Computer Programming', ' Kubernetes', ' Cloud Infrastructure', ' Cloud-Based Integration', ' Microarchitecture', ' Software Testing', ' Agile Software Development', ' IBM Cloud', ' Docker (Software)', ' Scrum (Software Development)', ' Software Security', ' Leadership and Management']",4.7,0,Intermediate , Professional Certificate , 3 - 6 Months,False
66fe20086f4453256b07aae4,IBM,IBM AI Engineering,"[' Machine Learning', ' Deep Learning', ' Human Learning', ' Artificial Neural Networks', ' Python Programming', ' Machine Learning Algorithms', ' Applied Machine Learning', ' Algorithms', ' Machine Learning Software', ' Regression', ' Statistical Machine Learning', ' Network Model', ' Computer Vision', ' Apache', ' Big Data', ' Data Analysis', ' Mathematical Theory & Analysis', ' Computer Programming', ' Network Architecture', ' Data Visualization', ' Extract', ' Transform', ' Load', ' Plot (Graphics)', ' Tensorflow', ' Visualization (Computer Graphics)', ' Customer Analysis', ' Decision Making', ' Dimensionality Reduction', ' Data Science']",4.6,0,Intermediate , Professional Certificate , 3 - 6 Months,False
66fe20086f4453256b07aae5,DeepLearning.AI,DeepLearning.AI TensorFlow Developer,"[' Machine Learning', ' Tensorflow', ' Deep Learning', ' Machine Learning Algorithms', ' Artificial Neural Networks', ' Applied Machine Learning', ' Human Learning', ' Computer Programming', ' Python Programming', ' Machine Learning Software', ' Natural Language Processing', ' Computer Vision', ' Forecasting', ' Algorithms', ' Data Visualization', ' Network Model', ' Statistical Machine Learning', ' Statistical Analysis']",4.7,0,Intermediate , Professional Certificate , 3 - 6 Months,False
66fe20086f4453256b07aae6,IBM,IBM Machine Learning,"[' Machine Learning', ' Machine Learning Algorithms', ' Human Learning', ' Statistical Machine Learning', ' Data Analysis', ' Algorithms', ' Probability & Statistics', ' Applied Machine Learning', ' Forecasting', ' General Statistics', ' Statistical Analysis', ' Regression', ' Deep Learning', ' Python Programming', ' Machine Learning Software', ' Artificial Neural Networks', ' Exploratory Data Analysis', ' Feature Engineering', ' Dimensionality Reduction', ' Statistical Tests', ' Reinforcement Learning', ' Data Model', ' Data Structures', ' Network Model', ' Tensorflow']",4.6,0,Intermediate , Professional Certificate , 3 - 6 Months,False
66fe20086f4453256b07aae7,Google Cloud,Preparing for Google Cloud Certification: Cloud Architect,"[' Google Cloud Platform', ' Cloud Computing', ' Cloud Applications', ' Cloud Engineering', ' Cloud Platforms', ' Cloud Infrastructure', ' Cloud Management', ' Cloud Storage', ' Other Cloud Platforms and Tools', ' Cloud Standards', ' Cloud-Based Integration', ' Computer Networking', ' DevOps', ' Google App Engine', ' Computer Architecture', ' Kubernetes', ' Billing & Invoicing', ' Computer Security Models', ' Critical Thinking', ' Network Architecture', ' Computer Programming', ' Operational Analysis', ' Software Testing', ' Leadership and Management']",4.7,0,Intermediate , Professional Certificate , 3 - 6 Months,False
66fe20086f4453256b07aae8,Google Cloud,Preparing for Google Cloud Certification: Cloud Engineer,"[' Cloud Computing', ' Google Cloud Platform', ' Cloud Platforms', ' Cloud Applications', ' Cloud Engineering', ' Cloud Storage', ' Cloud Infrastructure', ' Cloud Management', ' Computer Networking', ' Cloud Standards', ' Cloud-Based Integration', ' Computer Architecture', ' Google App Engine', ' Other Cloud Platforms and Tools', ' DevOps', ' Computer Programming Tools', ' Kubernetes', ' Network Architecture', ' Computer Programming', ' Billing & Invoicing', ' Leadership and Management']",4.7,0,Intermediate , Professional Certificate , 3 - 6 Months,False
66fe20086f4453256b07aae9,Google Cloud,Preparing for Google Cloud Certification: Machine Learning Engineer,"[' Machine Learning', ' Google Cloud Platform', ' Applied Machine Learning', ' Cloud Computing', ' Human Learning', ' Machine Learning Software', ' Cloud Platforms', ' Machine Learning Algorithms', ' Tensorflow', ' Deep Learning', ' Feature Engineering', ' Artificial Neural Networks', ' Training', ' DevOps', ' Exploratory Data Analysis', ' Python Programming', ' Cloud-Based Integration', ' Data Analysis', ' Data Visualization', ' Big Data', ' Probability & Statistics', ' Regression', ' Statistical Programming', ' Statistical Visualization', ' Algorithms', ' Continuous Integration', ' SQL', ' Cloud API', ' Apache', ' Extract', ' Transform', ' Load', ' Docker (Software)']",4.6,0,Intermediate , Professional Certificate , 3 - 6 Months,False
66fe20086f4453256b07aaea,Google Cloud,Preparing for Google Cloud Certification: Cloud Developer,"[' Cloud Applications', ' Cloud Computing', ' Google Cloud Platform', ' Cloud Infrastructure', ' Cloud Platforms', ' Cloud API', ' Cloud Engineering', ' Other Cloud Platforms and Tools', ' Cloud Management', ' Cloud Storage', ' Cloud Load Balancing', ' Cloud-Based Integration', ' DevOps', ' Application Development', ' Google App Engine', ' Software Architecture', ' Computer Architecture', ' Back-End Web Development', ' Docker (Software)', ' Kubernetes']",4.7,0,Intermediate , Professional Certificate , 3 - 6 Months,False
66fe20086f4453256b07aaeb,Amazon Web Services,AWS Cloud Solutions Architect,"[' Amazon Web Services', ' Cloud Computing', ' Cloud Storage', ' Data Management', ' Big Data', ' Cloud Applications', ' Cloud Engineering', ' Cloud Platforms', ' Data Analysis', ' Data Warehousing', ' Extract', ' Transform', ' Load', ' Cloud Management', ' Data Architecture', ' Cloud Infrastructure', ' Data Visualization', ' Database Design', ' Leadership and Management', ' Machine Learning', ' Software Architecture']",4.8,0,Intermediate , Professional Certificate , 3 - 6 Months,False
66fe20086f4453256b07aaec,Google Cloud,Preparing for Google Cloud Certification: Cloud Security Engineer,"[' Cloud Computing', ' Google Cloud Platform', ' Cloud Platforms', ' Cloud Engineering', ' Cloud Infrastructure', ' Network Security', ' Computer Networking', ' Computer Security Models', ' Cloud Applications', ' Cloud Management', ' Cloud Storage', ' Network Architecture', ' Software Security', ' System Security', ' Other Cloud Platforms and Tools', ' Security Engineering', ' Security Strategy', ' Cloud-Based Integration', ' Google App Engine', ' Network Model', ' Computer Security Incident Management', ' Software-Defined Networking', ' Security Software', ' Kubernetes', ' Leadership and Management']",4.7,0,Intermediate , Professional Certificate , 3 - 6 Months,False
66fe20086f4453256b07aaed,Google Cloud,Preparing for Google Cloud Certification: Cloud Data Engineer,"[' Cloud Computing', ' Google Cloud Platform', ' Cloud Platforms', ' Big Data', ' Data Management', ' Data Analysis', ' Data Analysis Software', ' Databases', ' Computer Networking', ' Applied Machine Learning', ' Data Warehousing', ' Machine Learning', ' SQL', ' Communication', ' Cloud Storage', ' Data Architecture', ' Human Learning', ' Machine Learning Algorithms', ' Machine Learning Software', ' Algorithms', ' Cloud Applications', ' Cloud Infrastructure', ' Distributed Computing Architecture', ' Other Cloud Platforms and Tools', ' Leadership and Management', ' Network Security', ' Problem Solving', ' Apache', ' Python Programming', ' Feature Engineering', ' Statistical Programming', ' Tensorflow']",4.6,0,Intermediate , Professional Certificate , 3 - 6 Months,False
66fe20086f4453256b07aaee,Google Cloud,Preparing for Google Cloud Certification: Cloud Network Engineer,"[' Cloud Computing', ' Google Cloud Platform', ' Cloud Platforms', ' Cloud Engineering', ' Cloud Infrastructure', ' Computer Networking', ' Cloud Applications', ' Other Cloud Platforms and Tools', ' Cloud Management', ' Cloud Storage', ' Cloud-Based Integration', ' Network Architecture', ' Network Model', ' Network Security', ' Software-Defined Networking', ' Google App Engine', ' Security Strategy', ' Kubernetes', ' Leadership and Management']",4.7,0,Intermediate , Professional Certificate , 3 - 6 Months,False
66fe20086f4453256b07aaef,Microsoft,Microsoft Azure Data Engineering Associate (DP-203),"[' Data Management', ' Microsoft Azure', ' Extract', ' Transform', ' Load', ' Cloud Computing', ' Big Data', ' Data Warehousing', ' Cloud-Based Integration', ' Cloud Storage', ' Data Architecture', ' Cloud Engineering', ' Cloud Platforms', ' Databases', ' SQL', ' Data Analysis', ' Cloud Applications', ' Data Structures', ' Distributed Computing Architecture', ' Cloud Management', ' Warehouse Management', ' Leadership and Management', ' NoSQL', ' Apache', ' Continuous Integration', ' Operational Analysis', ' Python Programming']",4.4,0,Intermediate , Professional Certificate , 3 - 6 Months,False
66fe20086f4453256b07aaf0,Microsoft,Microsoft Azure Data Scientist Associate (DP-100),"[' Machine Learning', ' Microsoft Azure', ' Applied Machine Learning', ' Machine Learning Algorithms', ' Machine Learning Software', ' Cloud Computing', ' Python Programming', ' Human Learning', ' Algorithms', ' Big Data', ' Cloud Applications', ' Data Analysis', ' Regression', ' Cloud-Based Integration', ' Extract', ' Transform', ' Load', ' Training', ' Exploratory Data Analysis', ' Cloud Platforms', ' Data Management', ' Deep Learning', ' Experiment']",4.4,0,Intermediate , Professional Certificate , 3 - 6 Months,False
66fe20086f4453256b07aaf1,IBM ,IBM Mainframe Developer,"[' Computer Programming', ' Other Programming Languages', ' Software Engineering', ' Theoretical Computer Science', ' Computer Architecture']",4.6,0,Intermediate , Professional Certificate , 3 - 6 Months,False
66fe20086f4453256b07aaf2,IBM ,IBM z/OS Mainframe Practitioner,"[' Operating Systems', ' System Programming', ' Computer Programming', ' Computer Programming Tools', ' Computer Architecture', ' Data Management', ' Theoretical Computer Science', ' Databases', ' Operations Management', ' Software-Defined Networking', ' User Experience']",4.7,0,Intermediate , Professional Certificate , 1 - 3 Months,False
66fe20086f4453256b07aaf3,Meta,Meta AR Developer,[' Javascript'],4.6,0,Intermediate , Professional Certificate , 3 - 6 Months,False
66fe20086f4453256b07aaf4,Microsoft,Microsoft Azure Security Engineer Associate (AZ-500),['(11 reviews)'],4.8,0,Intermediate , Professional Certificate , 3 - 6 Months,False
66fe20086f4453256b07aaf5,Google Cloud,Preparing for Google Cloud Certification: Cloud Data Engineer Professional Certificate 日本語版,"[' Google Cloud Platform', ' Data Management', ' Databases', ' Big Data', ' Computer Networking', ' Cloud Computing', ' SQL', ' Machine Learning', ' Cloud Platforms', ' Data Warehousing', ' Cloud Storage', ' Machine Learning Software', ' Data Analysis Software', ' Tensorflow']",4.4,0,Intermediate , Professional Certificate , 3 - 6 Months,False
66fe20086f4453256b07aaf6,SAS,SAS Advanced Programmer,"[' SAS (Software)', ' Statistical Programming', ' SQL', ' Databases', ' Computer Programming', ' Data Analysis', ' Data Management']",4.8,0,Intermediate , Professional Certificate , 3 - 6 Months,False
66fe20086f4453256b07ac29,DeepLearning.AI,Deep Learning,"[' Machine Learning', ' Deep Learning', ' Artificial Neural Networks', ' Machine Learning Algorithms', ' Applied Machine Learning', ' Python Programming', ' Machine Learning Software', ' Network Model', ' Algorithms', ' Computer Programming', ' Computer Vision', ' Network Architecture', ' Natural Language Processing', ' Tensorflow', ' Human Learning', ' Data Analysis', ' Exploratory Data Analysis', ' Organizational Development', ' Strategy', ' Mathematics', ' Mathematical Theory & Analysis', ' Linear Algebra', ' Regression', ' Calculus']",4.8,0,Intermediate , Specialization , 3 - 6 Months,False
66fe20086f4453256b07ac2a,DeepLearning.AI,Natural Language Processing,"[' Natural Language Processing', ' Machine Learning', ' Python Programming', ' Statistical Programming', ' Artificial Neural Networks', ' Deep Learning', ' Probability & Statistics', ' Statistical Machine Learning', ' Machine Learning Algorithms', ' Applied Machine Learning', ' Computer Programming', ' Human Learning', ' Mathematics']",4.6,0,Intermediate , Specialization , 3 - 6 Months,False
66fe20086f4453256b07ac2b,IBM,IBM Introduction to Machine Learning,"[' Machine Learning', ' Machine Learning Algorithms', ' Algorithms', ' Statistical Machine Learning', ' Human Learning', ' Probability & Statistics', ' Applied Machine Learning', ' Data Analysis', ' Regression', ' General Statistics', ' Feature Engineering', ' Machine Learning Software', ' Exploratory Data Analysis', ' Dimensionality Reduction', ' Statistical Analysis', ' Data Model', ' Statistical Tests', ' Data Structures']",4.6,0,Intermediate , Specialization , 3 - 6 Months,False
66fe20086f4453256b07ac2c,Google Cloud,Architecting with Google Compute Engine,"[' Cloud Applications', ' Cloud Computing', ' Google Cloud Platform', ' Cloud Infrastructure', ' Cloud Platforms', ' Cloud Management', ' Other Cloud Platforms and Tools', ' Cloud Engineering', ' Cloud Storage', ' Cloud-Based Integration', ' Computer Networking', ' Google App Engine', ' Network Architecture', ' Computer Programming', ' Kubernetes', ' Leadership and Management']",4.7,0,Intermediate , Specialization , 3 - 6 Months,False
66fe20086f4453256b07ac2d,University of Pennsylvania,Regulatory Compliance,"[' Regulations and Compliance', ' Critical Thinking', ' Leadership and Management', ' Organizational Development', ' Risk Management', ' Strategy and Operations', ' Strategy', ' Finance', ' Decision Making', ' Employee Relations', ' Problem Solving', ' Communication', ' Operations Management', ' Brand Management', ' Data Management']",4.8,0,Intermediate , Specialization , 3 - 6 Months,False
66fe20086f4453256b07ac2e,Google Cloud,Google Cloud Database Engineer,"[' Cloud Computing', ' Google Cloud Platform', ' Databases', ' Cloud Platforms', ' Cloud Applications', ' Cloud Engineering', ' Cloud Infrastructure', ' Other Cloud Platforms and Tools', ' Cloud Management', ' Cloud Storage', ' Cloud-Based Integration', ' Data Management', ' Google App Engine', ' Database Administration', ' Database Application', ' Kubernetes', ' SQL', ' Data Analysis', ' PostgreSQL']",4.7,0,Intermediate , Specialization , 3 - 6 Months,False
66fe20086f4453256b07ac2f,Google Cloud,Developing Applications with Google Cloud,"[' Cloud Computing', ' Google Cloud Platform', ' Cloud Applications', ' Cloud Platforms', ' Cloud API', ' Cloud Infrastructure', ' Other Cloud Platforms and Tools', ' Cloud Engineering', ' Cloud Management', ' Cloud Storage', ' Cloud-Based Integration', ' Application Development', ' Google App Engine', ' Software Architecture', ' Computer Architecture', ' Back-End Web Development', ' Kubernetes']",4.7,0,Intermediate , Specialization , 3 - 6 Months,False
66fe20086f4453256b07ac30,Google Cloud,Security in Google Cloud,"[' Google Cloud Platform', ' Cloud Computing', ' Cloud Platforms', ' Cloud Infrastructure', ' Cloud Management', ' Security Engineering', ' System Security', ' Cloud Applications', ' Cloud Engineering', ' Computer Security Models', ' Other Cloud Platforms and Tools', ' Cloud Storage', ' Network Security', ' Security Software', ' Security Strategy', ' Software Security', ' Cloud-Based Integration', ' Google App Engine', ' Kubernetes']",4.7,0,Intermediate , Specialization , 3 - 6 Months,False
66fe20086f4453256b07ac31,Google Cloud,Networking in Google Cloud,"[' Cloud Computing', ' Google Cloud Platform', ' Cloud Platforms', ' Cloud Engineering', ' Cloud Infrastructure', ' Computer Networking', ' Cloud Applications', ' Other Cloud Platforms and Tools', ' Cloud Management', ' Cloud Storage', ' Cloud-Based Integration', ' Network Architecture', ' Network Model', ' Network Security', ' Software-Defined Networking', ' Google App Engine', ' Security Strategy', ' Kubernetes', ' Leadership and Management']",4.7,0,Intermediate , Specialization , 3 - 6 Months,False
66fe20086f4453256b07ac32,Google Cloud,"Data Engineering, Big Data, and Machine Learning on GCP","[' Google Cloud Platform', ' Cloud Computing', ' Cloud Platforms', ' Big Data', ' Data Analysis', ' Data Management', ' Applied Machine Learning', ' Data Warehousing', ' Machine Learning', ' SQL', ' Cloud Storage', ' Data Architecture', ' Human Learning', ' Machine Learning Algorithms', ' Machine Learning Software', ' Algorithms', ' Cloud Applications', ' Cloud Infrastructure', ' Databases', ' Distributed Computing Architecture', ' Other Cloud Platforms and Tools', ' Apache', ' Python Programming', ' Feature Engineering', ' Statistical Programming', ' Tensorflow']",4.6,0,Intermediate , Specialization , 3 - 6 Months,False
66fe20086f4453256b07ac33,Amazon Web Services,DevOps on AWS,"[' Amazon Web Services', ' Cloud Computing', ' Continuous Integration', ' DevOps', ' Devops Tools', ' Continuous Delivery', ' Cloud Applications', ' Cloud Infrastructure', ' Cloud Management', ' Cloud Platforms', ' Cloud Standards', ' Software Testing', ' Software Engineering', ' Leadership and Management', ' Cloud Storage']",4.8,0,Intermediate , Specialization , 1 - 3 Months,False
66fe20086f4453256b07ac34,University of California San Diego,Data Structures and Algorithms,"[' Algorithms', ' Theoretical Computer Science', ' Computer Programming', ' Data Structures', ' Problem Solving', ' Mathematics', ' Computational Thinking', ' Computer Programming Tools', ' Computational Logic', ' Critical Thinking', ' Graph Theory', ' Programming Principles', ' Mathematical Theory & Analysis', ' C++ Programming', ' Algebra', ' Software Testing']",4.6,0,Intermediate , Specialization , 3 - 6 Months,False
66fe20086f4453256b07ac35,DeepLearning.AI,Generative Adversarial Networks (GANs),"[' Machine Learning', ' Artificial Neural Networks', ' Machine Learning Algorithms', ' Python Programming', ' Deep Learning', ' Machine Learning Software', ' Statistical Programming', ' Computer Vision', ' Computer Programming', ' Human Learning', ' General Statistics', ' Probability & Statistics', ' Problem Solving']",4.7,0,Intermediate , Specialization , 1 - 3 Months,False
66fe20086f4453256b07ac36,Johns Hopkins University,Genomic Data Science,"[' Bioinformatics', ' Computer Programming', ' Data Analysis', ' Python Programming', ' Computational Thinking', ' General Statistics', ' Exploratory Data Analysis', ' R Programming', ' Data Analysis Software', ' Algorithms', ' Computer Programming Tools', ' Biostatistics', ' Statistical Analysis', ' Programming Principles', ' Probability & Statistics', ' Statistical Tests', ' Data Structures', ' Operating Systems', ' Research and Design', ' Big Data', ' Computational Logic', ' Problem Solving', ' Statistical Programming', ' Experiment', ' Correlation And Dependence']",4.5,0,Intermediate , Specialization , 3 - 6 Months,False
66fe20086f4453256b07ac37,University of Illinois at Urbana-Champaign,U.S. Federal Taxation,"[' Taxes', ' Accounting', ' Financial Accounting', ' Finance', ' Critical Thinking', ' General Accounting', ' Regulations and Compliance', ' Financial Analysis', ' Corporate Accouting', ' Generally Accepted Accounting Principles (GAAP)', ' Problem Solving', ' Benefits']",4.8,0,Intermediate , Specialization , 3 - 6 Months,False
66fe20086f4453256b07ac38,Stanford University,Algorithms,"[' Algorithms', ' Theoretical Computer Science', ' Computer Programming', ' Problem Solving', ' Graph Theory', ' Mathematics', ' Data Structures', ' Computational Thinking', ' Mathematical Theory & Analysis', ' Critical Thinking', ' Computational Logic', ' Programming Principles', ' Software Engineering']",4.8,0,Intermediate , Specialization , 3 - 6 Months,False
66fe20086f4453256b07ac39,DeepLearning.AI,TensorFlow: Advanced Techniques,"[' Deep Learning', ' Machine Learning', ' Tensorflow', ' Artificial Neural Networks', ' Applied Machine Learning', ' Python Programming', ' Machine Learning Algorithms', ' Human Learning', ' Computer Vision', ' Computer Programming', ' Network Model', ' Machine Learning Software', ' Network Architecture', ' Training', ' Visualization (Computer Graphics)', ' Computer Graphic Techniques', ' Strategy']",4.8,0,Intermediate , Specialization , 3 - 6 Months,False
66fe20086f4453256b07ac3a,University of Michigan,Applied Data Science with Python,"[' Python Programming', ' Data Analysis', ' Computer Programming', ' Machine Learning', ' Algorithms', ' Applied Machine Learning', ' Data Mining', ' Machine Learning Algorithms', ' Exploratory Data Analysis', ' Statistical Programming', ' Data Management', ' Extract', ' Transform', ' Load', ' Natural Language Processing', ' Critical Thinking', ' Statistical Machine Learning', ' Graph Theory', ' Network Analysis', ' Computer Programming Tools', ' Human Learning', ' Data Visualization', ' Network Model', ' Data Analysis Software', ' Regression', ' Computer Networking', ' General Statistics', ' Network Architecture', ' Plot (Graphics)', ' Visualization (Computer Graphics)', ' Computer Graphics']",4.5,0,Intermediate , Specialization , 3 - 6 Months,False
66fe20086f4453256b07ac3b,University of Alberta,Reinforcement Learning,"[' Machine Learning', ' Reinforcement Learning', ' Algorithms', ' Human Learning', ' Machine Learning Algorithms', ' Applied Machine Learning', ' Computer Programming', ' Python Programming', ' Statistical Machine Learning', ' Statistical Programming', ' Artificial Neural Networks', ' Decision Making', ' Probability & Statistics', ' Probability Distribution']",4.7,0,Intermediate , Specialization , 3 - 6 Months,False
66fe20086f4453256b07ac3c,University of Illinois at Urbana-Champaign,Mergers and Acquisitions,"[' Mergers & Acquisitions', ' Finance', ' Accounting', ' Financial Analysis', ' Financial Accounting', ' Banking', ' Business Analysis', ' Investment Management', ' Financial Management', ' Data Analysis', ' Market Analysis', ' Corporate Accouting', ' Taxes']",4.6,0,Intermediate , Specialization , 3 - 6 Months,False
66fe20086f4453256b07ac3d,Columbia University,Financial Engineering and Risk Management,"[' Finance', ' Risk Management', ' Probability & Statistics', ' Leadership and Management', ' Mathematics', ' Investment Management', ' Securities Sales', ' Securities Trading', ' Computer Programming']",4.5,0,Intermediate , Specialization , 3 - 6 Months,False
66fe20086f4453256b07ac3e,DeepLearning.AI,AI for Medicine,"[' Machine Learning', ' Machine Learning Algorithms', ' Deep Learning', ' Python Programming', ' Artificial Neural Networks', ' Statistical Programming', ' Probability & Statistics', ' Natural Language Processing']",4.7,0,Intermediate , Specialization , 1 - 3 Months,False
66fe20086f4453256b07ac3f,University of Illinois at Urbana-Champaign,Accelerated Computer Science Fundamentals,"[' Computer Programming', ' C Programming Language Family', ' Data Structures', ' Algorithms', ' C++ Programming', ' Theoretical Computer Science', ' Programming Principles', ' Computational Thinking', ' Problem Solving', ' Computer Programming Tools', ' Critical Thinking', ' Computational Logic', ' Graph Theory']",4.7,0,Intermediate , Specialization , 1 - 3 Months,False
66fe20086f4453256b07ac40,University of Pennsylvania,Intellectual Property Law,"[' Critical Thinking', ' Strategy', ' Innovation', ' Brand Management', ' Leadership and Management', ' Marketing', ' Strategy and Operations', ' Design and Product']",4.8,0,Intermediate , Specialization , 3 - 6 Months,False
66fe20086f4453256b07ac41,Google Cloud,Machine Learning on Google Cloud,"[' Machine Learning', ' Applied Machine Learning', ' Google Cloud Platform', ' Human Learning', ' Machine Learning Software', ' Cloud Computing', ' Machine Learning Algorithms', ' Deep Learning', ' Cloud Platforms', ' Artificial Neural Networks', ' Feature Engineering', ' Exploratory Data Analysis', ' Tensorflow', ' Python Programming', ' Data Analysis', ' Data Visualization', ' Probability & Statistics', ' Regression', ' Statistical Programming', ' Statistical Visualization', ' Algorithms', ' SQL', ' Cloud API', ' Apache', ' Extract', ' Transform', ' Load']",4.5,0,Intermediate , Specialization , 3 - 6 Months,False
66fe20086f4453256b07ac42,Macquarie University,Excel Skills for Data Analytics and Visualization,"[' Business Analysis', ' Spreadsheet Software', ' Data Analysis', ' Data Management', ' Data Visualization', ' Microsoft Excel', ' Data Analysis Software', ' Exploratory Data Analysis', ' Statistical Visualization', ' Data Model', ' Data Structures', ' Data Visualization Software', ' Database Design', ' Plot (Graphics)', ' Visual Design', ' Big Data', ' Power BI', ' Leadership and Management']",4.8,0,Intermediate , Specialization , 3 - 6 Months,False
66fe20086f4453256b07ac43,University of Illinois at Urbana-Champaign,Business Data Management and Communication,"[' Business Analysis', ' Accounting', ' Data Management', ' General Accounting', ' Account Management', ' Data Analysis', ' Finance', ' Financial Accounting', ' Financial Management', ' Leadership and Management', ' Accounts Payable and Receivable', ' Financial Analysis', ' Generally Accepted Accounting Principles (GAAP)', ' Management Accounting', ' Business Intelligence', ' Cost Accounting', ' R Programming', ' Communication', ' Data Visualization', ' Interactive Data Visualization', ' Statistical Programming', ' Big Data', ' Data Visualization Software', ' Visual Design', ' Visualization (Computer Graphics)', ' Creativity', ' Plot (Graphics)', ' Computer Programming', ' Innovation', ' Strategy']",4.7,0,Intermediate , Specialization , 3 - 6 Months,False
66fe20086f4453256b07ac44,University System of Georgia,Six Sigma Black Belt,"[' Leadership and Management', ' Organizational Development', ' Strategy and Operations', ' General Statistics', ' Probability & Statistics', ' Operations Management', ' Process Analysis', ' Statistical Analysis', ' Business Analysis', ' Data Analysis', ' Project Management', ' Business Process Management', ' Performance Management', ' Basic Descriptive Statistics', ' Entrepreneurship', ' Statistical Tests', ' Problem Solving', ' Probability Distribution', ' Statistical Visualization', ' Strategy', ' Decision Making', ' Leadership Development', ' Planning', ' Correlation And Dependence', ' People Management', ' Communication', ' Customer Analysis', ' Marketing', ' Sales', ' Supply Chain and Logistics', ' Collaboration', ' Conflict Management', ' Customer Success', ' Experiment']",4.5,0,Intermediate , Specialization , 3 - 6 Months,False
66fe20086f4453256b07ac45,University at Buffalo,Blockchain,"[' BlockChain', ' Cryptography', ' Finance', ' Algorithms', ' Problem Solving', ' Application Development', ' Computer Programming', ' Contract Management', ' Data Structures', ' Security Engineering', ' Critical Thinking', ' Programming Principles', ' Payments', ' Research and Design', ' Software Engineering Tools', ' System Security', ' Theoretical Computer Science', ' Other Programming Languages', ' Security Strategy']",4.6,0,Intermediate , Specialization , 3 - 6 Months,False
66fe20086f4453256b07ac46,Google Cloud,Machine Learning for Trading,"[' Financial Analysis', ' Machine Learning', ' Finance', ' Investment Management', ' Algorithms', ' Financial Management', ' Leadership and Management', ' Market Analysis', ' Risk Management', ' Strategy', ' Applied Machine Learning', ' Artificial Neural Networks', ' Deep Learning', ' Google Cloud Platform', ' Human Learning', ' Training', ' Cloud Computing', ' Reinforcement Learning', ' Python Programming']",3.9,0,Intermediate , Specialization , 1 - 3 Months,False
66fe20086f4453256b07ac47,University of Colorado Boulder,Algorithms for Battery Management Systems,"[' Estimation', ' Mathematics', ' Algorithms', ' Probability & Statistics', ' Mathematical Theory & Analysis', ' Systems Design', ' Research and Design', ' General Statistics', ' Critical Thinking', ' Computer Programming', ' Algebra', ' Product Design', ' Correlation And Dependence', ' Design and Product', ' Linear Algebra', ' Problem Solving', ' Process Analysis', ' Data Model', ' Material Handling', ' Leadership and Management', ' Probability Distribution', ' Product Lifecycle', ' Regression']",4.7,0,Intermediate , Specialization , 3 - 6 Months,False
66fe20086f4453256b07ac48,University of Washington,Business English Communication Skills,"[' Business Communication', ' Communication', ' Leadership and Management', ' Planning', ' Negotiation', ' Writing', ' People Management', ' Professional Development', ' Business Intelligence', ' Strategy', ' Business Development', ' Decision Making', ' Organizational Development', ' Project Management', ' Public Relations', ' People Analysis', ' Customer Relationship Management', ' Basic Descriptive Statistics', ' Data Analysis', ' Human Resources', ' Collaboration', ' Visualization (Computer Graphics)', ' Data Visualization', ' Human Learning']",4.8,0,Intermediate , Specialization , 3 - 6 Months,False
66fe20086f4453256b07ac49,"University of California, Santa Cruz",Bayesian Statistics,"[' Probability & Statistics', ' Bayesian Statistics', ' Probability Distribution', ' General Statistics', ' Statistical Analysis', ' R Programming', ' Statistical Programming', ' Mathematics', ' Regression', ' Data Analysis', ' Estimation', ' Mathematical Theory & Analysis', ' Machine Learning', ' Markov Model', ' Forecasting']",4.6,0,Intermediate , Specialization , 3 - 6 Months,False
66fe20086f4453256b07ac4a,University of Minnesota,Software Testing and Automation,"[' Software Testing', ' Software Engineering', ' Computer Programming', ' Java Programming', ' Mobile Development Tools', ' Web Development', ' Problem Solving', ' Data Analysis Software', ' Programming Principles', ' System Software', ' Android Development', ' HTML and CSS', ' Mobile Development', ' Other Web Frameworks', ' Planning', ' Web Development Tools', ' iOS Development']",4.3,0,Intermediate , Specialization , 3 - 6 Months,False
66fe20086f4453256b07ac4b,University of Colorado Boulder,Power Electronics,['(4k reviews)'],4.7,0,Intermediate , Specialization , 3 - 6 Months,False
66fe20086f4453256b07ac4c,Duke University,Decentralized Finance (DeFi): The Future of Finance,"[' BlockChain', ' FinTech', ' Finance', ' Algorithms', ' Cryptography', ' Payments', ' Banking', ' Risk Management', ' Contract Management', ' Computational Logic', ' Innovation', ' Regulations and Compliance', ' Securities Trading', ' Strategy and Operations', ' Cyberattacks', ' Financial Analysis', ' Investment Management', ' Security Engineering']",4.8,0,Intermediate , Specialization , 3 - 6 Months,False
66fe20086f4453256b07ac4d,Google Cloud,Creating Business Value with Data and Looker,"[' Looker (Software)', ' Data Visualization', ' Data Analysis', ' Data Analysis Software', ' Databases', ' Interactive Data Visualization', ' Business Analysis', ' Data Management', ' Business Intelligence', ' Data Visualization Software', ' Exploratory Data Analysis', ' Data Model', ' Cloud Computing', ' Visualization (Computer Graphics)', ' Data Warehousing', ' Machine Learning', ' SQL']",4.7,0,Intermediate , Specialization , 3 - 6 Months,False
66fe20086f4453256b07ac4e,University of Michigan,Web Applications for Everybody,"[' Database Design', ' Databases', ' HTML and CSS', ' Javascript', ' SQL', ' Web Development']",4.7,0,Intermediate , Specialization , 3 - 6 Months,False
66fe20086f4453256b07ac75,University of Colorado Boulder,Data Science Foundations: Statistical Inference,"[' Probability & Statistics', ' General Statistics', ' Probability Distribution', ' Estimation', ' Statistical Tests', ' Mathematics', ' Correlation And Dependence', ' Calculus']",4.4,0,Intermediate , Specialization , 3 - 6 Months,False
66fe20086f4453256b07ac76,"Parsons School of Design, The New School",Transforming the Fashion Business,"[' Leadership and Management', ' Research and Design', ' Brand Management', ' Design and Product', ' Strategy and Operations', ' Supply Chain Systems', ' Supply Chain and Logistics', ' Innovation', ' Marketing', ' Product Management', ' Collaboration', ' Entrepreneurship', ' Retail Sales', ' Sales', ' Strategy', ' Business Design', ' E-Commerce', ' Interactive Design', ' Product Lifecycle', ' Forecasting', ' Merchandising', ' Product Design', ' Visual Design']",4.7,0,Intermediate , Specialization , 1 - 3 Months,False
66fe20086f4453256b07ac77,Johns Hopkins University,Neuroscience and Neuroimaging,"[' Statistical Programming', ' R Programming', ' Probability & Statistics', ' Data Management', ' Data Structures', ' Data Analysis', ' Statistical Analysis', ' Data Visualization', ' Visualization (Computer Graphics)', ' General Statistics', ' Research and Design', ' Experiment', ' Correlation And Dependence', ' Mathematical Theory & Analysis', ' Process Analysis', ' Spatial Analysis', ' Spatial Data Analysis', ' Bioinformatics', ' Extract', ' Transform', ' Load', ' Computer Programming']",4.6,0,Intermediate , Specialization , 3 - 6 Months,False
66fe20086f4453256b07ac78,University System of Georgia,Six Sigma Green Belt,"[' Data Analysis', ' Probability & Statistics', ' Business Analysis', ' Process Analysis', ' Statistical Analysis', ' General Statistics', ' Operational Analysis', ' Business Process Management', ' Organizational Development', ' Performance Management', ' Problem Solving', ' Project Management', ' Statistical Tests', ' Statistical Visualization', ' Strategy and Operations', ' Decision Making', ' Leadership and Management', ' Mathematics', ' Operations Management', ' Basic Descriptive Statistics', ' Supply Chain and Logistics', ' Entrepreneurship', ' Planning', ' Probability Distribution', ' Customer Analysis', ' Mathematical Theory & Analysis', ' Experiment', ' Interactive Data Visualization', ' Interactive Design']",4.7,0,Intermediate , Specialization , 3 - 6 Months,False
66fe20086f4453256b07ac79,University of Colorado Boulder,FPGA Design for Embedded Systems,"[' Hardware Design', ' Computational Logic', ' Computer Architecture', ' Leadership and Management', ' Design and Product', ' Microarchitecture', ' Systems Design', ' Computer Programming Tools', ' Critical Thinking', ' Computer Programming', ' Programming Principles', ' System Programming']",4.5,0,Intermediate , Specialization , 3 - 6 Months,False
66fe20086f4453256b07ac7a,University of Michigan,PostgreSQL for Everybody,"[' SQL', ' Databases', ' Database Design', ' PostgreSQL', ' Database Application', ' Data Management', ' Database Theory', ' Data Structures', ' Python Programming', ' Data Architecture', ' NoSQL', ' Data Model', ' Natural Language Processing']",4.7,0,Intermediate , Specialization , 3 - 6 Months,False
66fe20086f4453256b07ac7b,University of Michigan,Healthy and Sustainable Foods and Products,[' Product Lifecycle'],3.9,0,Intermediate , Specialization , 3 - 6 Months,False
66fe20086f4453256b07ac7c,University of Pennsylvania,Healthcare Law,"[' Regulations and Compliance', ' Leadership and Management', ' Innovation', ' Strategy', ' System Security', ' Critical Thinking', ' Data Management', ' Risk Management', ' Strategy and Operations', ' Research and Design']",4.7,0,Intermediate , Specialization , 3 - 6 Months,False
66fe20086f4453256b07ac7d,University of Illinois at Urbana-Champaign,Financial Management,"[' Financial Management', ' Finance', ' Financial Analysis', ' Financial Accounting', ' Leadership and Management', ' Accounting', ' Investment Management', ' Risk Management', ' Cash Management', ' Accounts Payable and Receivable', ' General Accounting', ' Management Accounting', ' Account Management', ' Corporate Accouting', ' Generally Accepted Accounting Principles (GAAP)', ' Cost Accounting', ' Decision Making', ' Market Analysis', ' Securities Trading', ' Strategy', ' Correlation And Dependence', ' Taxes', ' Mergers & Acquisitions']",4.7,0,Intermediate , Specialization , 3 - 6 Months,False
66fe20086f4453256b07ac7e,Board Infinity ,Java FullStack Developer,"[' Algorithms', ' Computer Programming', ' Java Programming', ' Javascript', ' Web Development']",4.4,0,Intermediate , Specialization , 1 - 3 Months,False
66fe20086f4453256b07ac7f,Northwestern University,Organizational Leadership,"[' Leadership and Management', ' Communication', ' Leadership Development', ' Strategy and Operations', ' Critical Thinking', ' Decision Making', ' Strategy', ' Business Psychology', ' Collaboration', ' People Analysis', ' People Development', ' Performance Management', ' Influencing', ' Organizational Development', ' Change Management', ' Employee Relations', ' Negotiation', ' Marketing', ' Innovation', ' Storytelling']",4.7,0,Intermediate , Specialization , 3 - 6 Months,False
66fe20086f4453256b07ac80,Northwestern University,"Modern Robotics:  Mechanics, Planning, and Control","[' Mathematics', ' Linear Algebra', ' Algebra', ' Geometry', ' Computer Programming', ' Mathematical Theory & Analysis', ' Computer Programming Tools', ' Matlab', ' Python Programming', ' Algorithms', ' Critical Thinking', ' Problem Solving', ' Differential Equations', ' Graph Theory', ' Spatial Analysis', ' Planning', ' Supply Chain and Logistics']",4.7,0,Intermediate , Specialization , 3 - 6 Months,False
66fe20086f4453256b07ac81,University of Illinois at Urbana-Champaign,Value Chain Management,"[' Leadership and Management', ' Accounting', ' Management Accounting', ' Account Management', ' Cost Accounting', ' Decision Making', ' Financial Accounting', ' Financial Analysis', ' Marketing Management', ' Marketing', ' Media Strategy & Planning', ' Financial Management', ' Strategy', ' General Accounting', ' Brand Management', ' Market Research', ' Planning', ' Budget Management', ' Communication', ' Sales', ' Market Analysis', ' Probability Distribution', ' Supply Chain and Logistics', ' Business Research', ' Probability & Statistics', ' Operations Management']",4.7,0,Intermediate , Specialization , 3 - 6 Months,False
66fe20086f4453256b07ac82,Berklee,Music Education for Teachers,[' Writing'],4.8,0,Intermediate , Specialization , 3 - 6 Months,False
66fe20086f4453256b07ac83,Autodesk,Autodesk CAD/CAM/CAE for Mechanical Engineering,['(4.8k reviews)'],4.8,0,Intermediate , Specialization , 3 - 6 Months,False
66fe20086f4453256b07ac84,DeepLearning.AI,TensorFlow: Data and Deployment,"[' Machine Learning', ' Applied Machine Learning', ' Deep Learning', ' Tensorflow', ' Computer Programming', ' Javascript', ' Artificial Neural Networks', ' Python Programming', ' Data Model', ' Machine Learning Algorithms', ' Machine Learning Software', ' Mobile Development', ' Web Development', ' Computer Vision', ' Mobile Development Tools', ' Extract', ' Transform', ' Load', ' Human Learning', ' Network Model', ' iOS Development']",4.6,0,Intermediate , Specialization , 3 - 6 Months,False
66fe20086f4453256b07ac85,École Polytechnique Fédérale de Lausanne,Functional Programming in Scala,"[' Computer Programming', ' Programming Principles', ' Scala Programming', ' Theoretical Computer Science', ' Computational Thinking', ' Critical Thinking', ' Data Structures', ' Big Data', ' Algorithms', ' Apache', ' SQL']",4.7,0,Intermediate , Specialization , 3 - 6 Months,False
66fe20086f4453256b07ac86,Rice University,Fundamentals of Immunology,['(2.1k reviews)'],4.7,0,Intermediate , Specialization , 3 - 6 Months,False
66fe20086f4453256b07ac87,Duke University,Entrepreneurial Finance: Strategy and Innovation,"[' Finance', ' Entrepreneurial Finance', ' Risk Management', ' Probability & Statistics', ' R Programming', ' Entrepreneurship', ' Data Analysis', ' Investment Management', ' Statistical Analysis', ' Statistical Programming', ' Financial Analysis', ' Leadership and Management', ' BlockChain', ' Cryptography', ' FinTech', ' Statistical Tests', ' Financial Management', ' Algorithms', ' Innovation', ' System Security', ' Microsoft Excel']",4.5,0,Intermediate , Specialization , 3 - 6 Months,False
66fe20086f4453256b07ac88,Johns Hopkins University,GPU Programming,"[' Python Programming', ' Machine Learning', ' Computer Programming', ' Artificial Neural Networks', ' C Programming Language Family', ' C++ Programming', ' Algorithms', ' Data Science', ' Linear Algebra']",2.8,0,Intermediate , Specialization , 3 - 6 Months,False
66fe20086f4453256b07ac89,"University of California, Davis",Coaching Skills for Managers,"[' Leadership and Management', ' Human Resources', ' Communication', ' Employee Relations', ' People Management', ' Leadership Development', ' People Development', ' Performance Management', ' Professional Development', ' Organizational Development', ' Talent Management', ' Business Psychology', ' Emotional Intelligence', ' Problem Solving', ' Training', ' People Analysis', ' Entrepreneurship', ' Strategy and Operations', ' Strategy']",4.8,0,Intermediate , Specialization , 3 - 6 Months,False
66fe20086f4453256b07ac8a,Berklee,Electronic Music Production,['(2.2k reviews)'],4.8,0,Intermediate , Specialization , 3 - 6 Months,False
66fe20086f4453256b07ac8b,University of Michigan,Sports Performance Analytics,"[' Data Analysis', ' Python Programming', ' Statistical Analysis', ' General Statistics', ' Probability & Statistics', ' Statistical Programming', ' Regression', ' Exploratory Data Analysis', ' Statistical Tests', ' Basic Descriptive Statistics', ' Correlation And Dependence', ' Machine Learning Algorithms']",4.5,0,Intermediate , Specialization , 3 - 6 Months,False
66fe20086f4453256b07ac8c,"University of California, Irvine",Learn English: Intermediate Grammar,"[' Writing', ' Communication']",4.8,0,Intermediate , Specialization , 3 - 6 Months,False
66fe20086f4453256b07ac8d,"University of California, Irvine",Programming with Google Go,"[' Computer Programming', ' Programming Principles', ' Software Engineering', ' Theoretical Computer Science', ' Computational Thinking', ' Critical Thinking', ' Algorithms', ' Data Structures', ' Problem Solving', ' Computational Logic', ' Computer Programming Tools', ' Operating Systems', ' Software Architecture', ' System Software', ' Application Development', ' Computer Architecture']",4.6,0,Intermediate , Specialization , 3 - 6 Months,False
66fe20086f4453256b07ac8e,University of Colorado Boulder,Advanced Embedded Linux Development,"[' Computer Programming', ' Operating Systems', ' System Software', ' Linux', ' Agile Software Development']",4.0,0,Intermediate , Specialization , 1 - 3 Months,False
66fe20086f4453256b07ac8f,University of Colorado Boulder,Embedding Sensors and Motors,[' Operations Management'],4.6,0,Intermediate , Specialization , 3 - 6 Months,False
66fe20086f4453256b07ac90,Macquarie University,Leading: Human Resource Management and Leadership,"[' Leadership and Management', ' Human Resources', ' Strategy and Operations', ' Strategy', ' Entrepreneurship', ' Business Psychology', ' Organizational Development', ' People Management', ' Correlation And Dependence', ' Marketing', ' Business Process Management', ' Communication', ' Culture', ' Employee Relations', ' Exploratory Data Analysis', ' Leadership Development', ' People Development', ' Decision Making', ' Research and Design', ' Adaptability', ' Brand Management', ' Human Learning', ' Human Resources Operations', ' Conflict Management', ' Collaboration']",4.8,0,Intermediate , Specialization , 3 - 6 Months,False
66fe20086f4453256b07ac91,Google Cloud,Developing APIs with Google Cloud's Apigee API Platform,"[' Google Cloud Platform', ' Cloud API', ' Cloud Computing', ' Computer Programming', ' Computer Programming Tools', ' Software Engineering', ' Cloud Applications', ' Software Architecture', ' Software Engineering Tools', ' Leadership and Management']",4.7,0,Intermediate , Specialization , 3 - 6 Months,False
66fe20086f4453256b07ac92,Red Hat,Linux and Private Cloud Administration on IBM Power Systems,"[' Computer Architecture', ' Cloud Computing', ' IBM Cloud', ' Cloud Platforms', ' Operating Systems', ' Cloud Infrastructure', ' Cloud Management', ' Other Cloud Platforms and Tools', ' Systems Design', ' Computer Networking', ' Linux']",4.8,0,Intermediate , Specialization , 3 - 6 Months,False
66fe20086f4453256b07ac93,London Business School,Future Ready Company,['Intermediate · Specialization · 3 - 6 Months'],0.0,0,Intermediate , Specialization , 3 - 6 Months,False
66fe20086f4453256b07ac94,University of Colorado Boulder,Advanced Business Analytics,"[' Data Analysis', ' Business Analysis', ' Exploratory Data Analysis', ' Statistical Analysis', ' Data Management', ' Probability & Statistics', ' Data Model', ' Decision Making', ' Data Analysis Software', ' General Statistics', ' Statistical Visualization', ' Data Visualization', ' Correlation And Dependence', ' Mathematics', ' Regression', ' Business Intelligence', ' Mathematical Theory & Analysis', ' Business Communication', ' Communication', ' Data Structures', ' Databases', ' Plot (Graphics)', ' Database Application', ' Extract', ' Transform', ' Load', ' SQL', ' Machine Learning']",4.6,0,Intermediate , Specialization , 3 - 6 Months,False
66fe20086f4453256b07ac95,Case Western Reserve University,Inspired Leadership,"[' Leadership and Management', ' Communication', ' Emotional Intelligence', ' Leadership Development', ' Influencing', ' Human Resources', ' Change Management', ' Critical Thinking', ' Business Psychology', ' Organizational Development', ' Strategy', ' Collaboration', ' Entrepreneurship', ' Human Learning', ' Professional Development', ' Strategy and Operations', ' Marketing', ' People Analysis', ' Negotiation']",4.7,0,Intermediate , Specialization , 3 - 6 Months,False
66fe20086f4453256b07ac96,"University of Maryland, College Park",Cybersecurity,"[' Security Engineering', ' System Security', ' Software Security', ' Cyberattacks', ' Security Software', ' Software Testing', ' Systems Design', ' Computer Programming', ' Cryptography', ' Network Security', ' Software Engineering', ' User Experience', ' Design and Product', ' Algorithms', ' Critical Thinking', ' Human Computer Interaction', ' Mathematics', ' Programming Principles', ' Theoretical Computer Science', ' User Research', ' Security Strategy', ' System Software', ' Mathematical Theory & Analysis', ' Hardware Design']",4.6,0,Intermediate , Specialization , 3 - 6 Months,False
66fe20086f4453256b07ac97,University of Michigan,Data Analytics in the Public Sector with R,"[' Data Analysis', ' Exploratory Data Analysis', ' Leadership and Management', ' General Statistics', ' R Programming', ' Statistical Programming']",4.7,0,Intermediate , Specialization , 3 - 6 Months,False
66fe20086f4453256b07ac98,Ludwig-Maximilians-Universität München (LMU),Competitive Strategy and Organization Design,"[' Strategy', ' Strategy and Operations', ' Leadership and Management', ' Marketing', ' Business Development', ' Business Design', ' Entrepreneurship', ' Human Resources', ' Organizational Development', ' Sales', ' Market Analysis', ' Product Strategy', ' Decision Making', ' Finance', ' Game Theory', ' Human Resources Operations', ' Innovation', ' Research and Design', ' Design and Product', ' Mergers & Acquisitions', ' Planning']",4.7,0,Intermediate , Specialization , 3 - 6 Months,False
66fe20086f4453256b07ac99,LearnQuest,Core Java,"[' Computer Programming', ' Java Programming', ' Programming Principles', ' Software Engineering', ' Computer Programming Tools', ' Problem Solving', ' Software Engineering Tools', ' Application Development', ' Data Structures', ' Web Development', ' Mathematical Theory & Analysis', ' Computer Networking']",4.6,0,Intermediate , Specialization , 3 - 6 Months,False
66fe20086f4453256b07ac9a,New York University,Machine Learning and Reinforcement Learning in Finance,"[' Machine Learning', ' Human Learning', ' Machine Learning Algorithms', ' Algorithms', ' Finance', ' Mathematics', ' Regression', ' Statistical Machine Learning', ' Applied Machine Learning', ' Artificial Neural Networks', ' Deep Learning', ' Reinforcement Learning', ' Tensorflow']",3.7,0,Intermediate , Specialization , 3 - 6 Months,False
66fe20086f4453256b07ac9b,University of London,Object Oriented Programming,['(59 reviews)'],4.7,0,Intermediate , Specialization , 1 - 3 Months,False
66fe20086f4453256b07ac9c,Google Cloud,Customer Experiences with Contact Center AI - Dialogflow ES,"[' Machine Learning', ' Natural Language Processing', ' Human Computer Interaction', ' Interactive Design', ' User Experience', ' Cloud-Based Integration', ' Applied Machine Learning', ' Design and Product', ' User Experience Design', ' Strategy and Operations', ' Application Development', ' Google Cloud Platform', ' Computer Programming', ' Software Architecture', ' Search Engine Optimization', ' Customer Relationship Management', ' Computer Architecture', ' Computer Programming Tools', ' Customer Success', ' Data Management', ' Operations Management']",4.5,0,Intermediate , Specialization , 3 - 6 Months,False
66fe20086f4453256b07ac9d,Rice University,"Organizational Leadership in Diversity, Equity & Inclusion","[' Communication', ' Business Psychology', ' Employee Relations', ' Human Resources', ' Human Resources Operations', ' Leadership and Management', ' Culture', ' Entrepreneurship', ' Organizational Development', ' Business Analysis', ' Collaboration', ' People Development', ' Talent Management']",4.8,0,Intermediate , Specialization , 3 - 6 Months,False
66fe20086f4453256b07ac9e,University of London,International Business Essentials,"[' Mathematical Theory & Analysis', ' Leadership and Management', ' Linear Algebra', ' Probability & Statistics', ' Statistical Analysis', ' Algebra', ' Basic Descriptive Statistics', ' General Statistics', ' Mathematics', ' Organizational Development', ' Strategy', ' Critical Thinking', ' Decision Making', ' Problem Solving', ' Statistical Tests', ' Business Process Management', ' Communication', ' Calculus', ' Data Analysis', ' Strategy and Operations', ' Business Analysis', ' Business Development', ' Probability Distribution', ' Business Communication', ' Business Psychology', ' Collaboration', ' Conflict Management', ' Leadership Development', ' Operations Management', ' People Management', ' Performance Management', ' Correlation And Dependence', ' Marketing', ' Product Management', ' Product Strategy', ' Sales', ' Differential Equations', ' Change Management', ' Planning']",4.6,0,Intermediate , Specialization , 3 - 6 Months,False
66fe20086f4453256b07ac9f,Board Infinity ,.NET FullStack Developer,"[' Computer Programming', ' Javascript', ' React (web framework)']",4.3,0,Intermediate , Specialization , 1 - 3 Months,False
66fe20086f4453256b07aca0,Databricks,Data Science with Databricks for Data Analysts,"[' Data Analysis', ' Machine Learning', ' Machine Learning Algorithms', ' Algorithms', ' Exploratory Data Analysis', ' Human Learning', ' Python Programming', ' Apache', ' Applied Machine Learning', ' Data Management', ' SQL', ' Regression', ' Big Data', ' Feature Engineering', ' Data Science']",4.5,0,Intermediate , Specialization , 3 - 6 Months,False
66fe20086f4453256b07aca1,University of California San Diego,Interaction Design,"[' Probability & Statistics', ' Experiment', ' Statistical Tests', ' Human Computer Interaction', ' User Experience', ' R Programming', ' Statistical Programming', ' User Experience Design', ' Data Analysis', ' General Statistics', ' Statistical Analysis', ' User Research', ' Visual Design', ' Probability Distribution', ' Regression', ' Collaboration', ' Human Learning']",4.5,0,Intermediate , Specialization , 3 - 6 Months,False
66fe20086f4453256b07aca2,Board Infinity ,ASP.NET for Experienced Developers,"[' Computer Programming', ' DevOps']",4.0,0,Intermediate , Specialization , 1 - 3 Months,False
66fe20086f4453256b07aca3,University of Illinois at Urbana-Champaign,Financial Reporting,"[' Accounting', ' Financial Accounting', ' General Accounting', ' Generally Accepted Accounting Principles (GAAP)', ' Financial Analysis', ' Finance', ' Accounts Payable and Receivable', ' Financial Management', ' Management Accounting', ' Cost Accounting', ' Leadership and Management', ' Account Management', ' Corporate Accouting']",4.7,0,Intermediate , Specialization , 3 - 6 Months,False
66fe20086f4453256b07aca4,Imperial College London,Digital Health,['(208 reviews)'],4.5,0,Intermediate , Specialization , 1 - 3 Months,False
66fe20086f4453256b07aca5,University of Washington,Machine Learning,"[' Machine Learning', ' Algorithms', ' Machine Learning Algorithms', ' Human Learning', ' Applied Machine Learning', ' Statistical Machine Learning', ' Python Programming', ' Probability & Statistics', ' Regression', ' Data Analysis', ' Machine Learning Software', ' Mathematics', ' Problem Solving', ' Computer Programming', ' Decision Making']",4.6,0,Intermediate , Specialization , 3 - 6 Months,False
66fe20086f4453256b07aca6,University of California San Diego,Object Oriented Java Programming: Data Structures and Beyond,"[' Computer Programming', ' Java Programming', ' Data Structures', ' Algorithms', ' Problem Solving', ' Programming Principles', ' Critical Thinking', ' Software Engineering', ' Computational Thinking', ' Communication', ' Computer Programming Tools', ' Data Analysis', ' Theoretical Computer Science', ' Computational Logic', ' Computer Graphics', ' Visualization (Computer Graphics)', ' Recruitment', ' Training', ' People Analysis']",4.7,0,Intermediate , Specialization , 3 - 6 Months,False
66fe20086f4453256b07aca7,Imperial College London,Immunology: The Immune System and its Failures,['(123 reviews)'],4.7,0,Intermediate , Specialization , 3 - 6 Months,False
66fe20086f4453256b07aca8,Google Cloud,"Data Engineering, Big Data and ML on Google Cloud 日本語版","[' Google Cloud Platform', ' Computer Networking', ' Data Management', ' Databases', ' Big Data', ' Cloud Computing', ' SQL', ' Cloud Platforms', ' Machine Learning', ' Cloud Storage', ' Data Warehousing', ' Machine Learning Software', ' Data Analysis Software', ' Tensorflow']",4.4,0,Intermediate , Specialization , 3 - 6 Months,False
66fe20086f4453256b07aca9,Arm,Arm Cortex-M Architecture and Software Development,['(86 reviews)'],4.7,0,Intermediate , Specialization , 3 - 6 Months,False
66fe20086f4453256b07acaa,"Parsons School of Design, The New School",Healthier Materials and Sustainable Building,['(10 reviews)'],5.0,0,Intermediate , Specialization , 1 - 3 Months,False
66fe20086f4453256b07acab,Autodesk,CAD and Digital Manufacturing,"[' Design and Product', ' Product Design', ' Feature Engineering', ' Computer Graphics', ' Interactive Design', ' Computer Graphic Techniques', ' Graphics Software', ' Research and Design', ' Software Engineering Tools', ' Graphic Design', ' Visualization (Computer Graphics)', ' Hardware Design', ' Product Development', ' Visual Design', ' Geometry', ' User Experience Design', ' Strategy and Operations', ' Communication', ' Decision Making', ' Product Management', ' System Software', ' Collaboration', ' Computer Programming', ' Other Cloud Platforms and Tools']",4.7,0,Intermediate , Specialization , 3 - 6 Months,False
66fe20086f4453256b07acac,University of Minnesota,User Interface Design,"[' Human Computer Interaction', ' User Experience', ' Research and Design', ' User Experience Design', ' User Research', ' Design and Product', ' Interactive Design', ' People Analysis', ' Product Design', ' Software Testing']",4.6,0,Intermediate , Specialization , 3 - 6 Months,False
66fe20086f4453256b07acad,University of Colorado System,C++ Programming for Unreal Game Development,"[' Computer Programming', ' C Programming Language Family', ' Computer Programming Tools', ' Programming Principles']",4.5,0,Intermediate , Specialization , 3 - 6 Months,False
66fe20086f4453256b07acae,Universidad Nacional Autónoma de México,Finanzas corporativas,"[' Finance', ' Business Analysis', ' Accounting', ' Data Analysis', ' Mathematical Theory & Analysis', ' Mathematics', ' Account Management', ' Calculus', ' Financial Accounting', ' Financial Analysis', ' Investment Management', ' Operational Analysis', ' Applied Mathematics', ' Process Analysis', ' Banking', ' Behavioral Economics', ' Microsoft Excel', ' Business Process Management', ' Entrepreneurial Finance', ' Estimation', ' Financial Management', ' Leadership and Management', ' Operations Management', ' Risk Management', ' Econometrics']",4.7,0,Intermediate , Specialization , 3 - 6 Months,False
66fe20086f4453256b07acaf,University of Minnesota,Software Development Lifecycle,"[' Software Engineering', ' Agile Software Development', ' Design and Product', ' Problem Solving', ' Software Architecture', ' Software Testing', ' Leadership and Management', ' Project Management', ' Scrum (Software Development)', ' Software Engineering Tools', ' Continuous Delivery', ' Product Development', ' User Experience', ' Application Development', ' Communication', ' Planning', ' Product Management', ' Collaboration', ' Estimation', ' Computer Programming Tools', ' System Software', ' Theoretical Computer Science', ' Search Engine Optimization', ' Investment Management']",4.7,0,Intermediate , Specialization , 3 - 6 Months,False
66fe20086f4453256b07acb0,University of Colorado Boulder,Expressway to Data Science: Essential Math,"[' Mathematics', ' Algebra', ' Calculus', ' Linear Algebra', ' Mathematical Theory & Analysis', ' Differential Equations', ' Plot (Graphics)', ' Problem Solving', ' Applied Mathematics', ' Graph Theory']",4.5,0,Intermediate , Specialization , 3 - 6 Months,False
66fe20086f4453256b07acb1,University of Illinois at Urbana-Champaign,Accounting Data Analytics,"[' Python Programming', ' Statistical Programming', ' Data Analysis', ' Machine Learning', ' Computer Programming', ' Data Visualization', ' Probability & Statistics', ' Regression', ' Data Structures', ' Plot (Graphics)', ' Accounting', ' General Statistics', ' Statistical Analysis', ' Algorithms', ' Databases', ' Machine Learning Algorithms', ' SQL', ' Theoretical Computer Science', ' Data Architecture', ' Microsoft Excel']",4.7,0,Intermediate , Specialization , 3 - 6 Months,False
66fe20086f4453256b07acb2,"University of California, Davis",Health Information Literacy for Data Analytics,"[' Data Analysis', ' Data Management', ' Clinical Data Management', ' Data Model', ' Data Structures', ' Databases', ' Leadership and Management', ' Data Warehousing', ' Big Data', ' Extract', ' Transform', ' Load']",4.4,0,Intermediate , Specialization , 3 - 6 Months,False
66fe20086f4453256b07acb3,Johns Hopkins University,Data Science: Statistics and Machine Learning,"[' R Programming', ' Data Analysis', ' Statistical Analysis', ' Statistical Programming', ' Probability & Statistics', ' Statistical Machine Learning', ' General Statistics', ' Machine Learning Algorithms', ' Human Learning', ' Machine Learning', ' Problem Solving', ' Statistical Tests', ' Regression', ' Computer Programming', ' Algorithms', ' Applied Machine Learning', ' Correlation And Dependence', ' Data Model', ' Estimation', ' Probability Distribution', ' Machine Learning Software', ' Natural Language Processing', ' Basic Descriptive Statistics', ' Exploratory Data Analysis', ' Computer Graphics', ' Data Visualization', ' Interactive Data Visualization', ' Plot (Graphics)', ' Product Development', ' Web Development']",4.4,0,Intermediate , Specialization , 3 - 6 Months,False
66fe20086f4453256b07acb4,Infosec,Python for Cybersecurity,"[' Python Programming', ' Computer Programming']",4.5,0,Intermediate , Specialization , 3 - 6 Months,False
66fe20086f4453256b07acb5,National Academy of Sports Medicine,Science of Diet and Exercise,['(35 reviews)'],4.6,0,Intermediate , Specialization , 1 - 4 Weeks,False
66fe20086f4453256b07acb6,"University of Maryland, College Park",Interviewing and Resume Writing in English,"[' Communication', ' Human Resources', ' Strategy', ' Writing', ' Business Communication', ' Leadership and Management', ' Marketing', ' Recruitment', ' Critical Thinking', ' Professional Development', ' Decision Making']",4.6,0,Intermediate , Specialization , 3 - 6 Months,False
66fe20086f4453256b07acb7,Fundação Instituto de Administração,Strategic Sales Management,"[' Sales', ' Marketing', ' Strategy', ' Leadership and Management', ' Strategy and Operations', ' Customer Relationship Management', ' B2B Sales', ' Decision Making', ' Customer Analysis', ' Entrepreneurship', ' Market Analysis', ' Business Analysis', ' Business Intelligence']",4.5,0,Intermediate , Specialization , 3 - 6 Months,False
66fe20086f4453256b07acb8,The University of Melbourne,Essentials of Corporate Finance,"[' Finance', ' Investment Management', ' Financial Analysis', ' Risk Management', ' Financial Management', ' Leadership and Management', ' Accounting', ' Financial Accounting', ' Management Accounting', ' Business Analysis', ' Decision Making', ' Market Analysis', ' Accounts Payable and Receivable', ' Cash Management', ' General Accounting', ' Securities Trading', ' Account Management', ' Operational Analysis', ' Banking', ' Correlation And Dependence', ' Probability & Statistics']",4.6,0,Intermediate , Specialization , 3 - 6 Months,False
66fe20076f4453256b07a962,Google Cloud,Site Reliability Engineering: Measuring and Managing Reliability,"[' DevOps', ' Software Engineering', ' Strategy and Operations', ' Decision Making', ' Leadership and Management', ' Operational Analysis', ' Performance Management', ' User Experience', ' Problem Solving', ' Cloud Engineering']",4.5,0,Intermediate , Course , 1 - 3 Months,False
66fe20076f4453256b07a963,University of Michigan,Emotional Intelligence: Cultivating Immensely Human Interactions,"[' Communication', ' Emotional Intelligence', ' Leadership and Management']",4.7,0,Intermediate , Course , 1 - 4 Weeks,False
